{"cameraMode":{"drawMode":0,"name":"Shaded","section":"Shading Mode"},"sceneLighting":true,"audioPlay":false,"sceneViewState":{"showFog":true,"showMaterialUpdate":true,"showSkybox":true,"showFlares":true,"showImageEffects":true,"showParticleSystems":true},"in2DMode":false,"pivot":{"x":22.24066162109375,"y":1.2653558254241944,"z":-15.528716087341309},"rotation":{"x":0.2692282497882843,"y":0.5915547609329224,"z":-0.21882791817188264,"w":0.7278013229370117},"size":2.837639570236206,"orthographic":false}